{
    "description": "UEFI firmware for x86_64",
    "interface-types": [
        "uefi"
    ],
    "mapping": {
        "device": "flash",
        "executable": {
            "filename": "/home/term/moveqemu/app/qemudir/share/qemu/edk2-x86_64-code.fd",
            "format": "raw"
        },
        "nvram-template": {
            "filename": "/home/term/moveqemu/app/qemudir/share/qemu/edk2-i386-vars.fd",
            "format": "raw"
        }
    },
    "targets": [
        {
            "architecture": "x86_64",
            "machines": [
                "pc-i440fx-*",
                "pc-q35-*"
            ]
        }
    ],
    "features": [
        "acpi-s3",
        "amd-sev",
        "verbose-dynamic"
    ],
    "tags": [

    ]
}
