{
    "description": "UEFI firmware for aarch64",
    "interface-types": [
        "uefi"
    ],
    "mapping": {
        "device": "flash",
        "executable": {
            "filename": "/home/term/moveqemu/app/qemudir/share/qemu/edk2-aarch64-code.fd",
            "format": "raw"
        },
        "nvram-template": {
            "filename": "/home/term/moveqemu/app/qemudir/share/qemu/edk2-arm-vars.fd",
            "format": "raw"
        }
    },
    "targets": [
        {
            "architecture": "aarch64",
            "machines": [
                "virt-*"
            ]
        }
    ],
    "features": [
        "verbose-static"
    ],
    "tags": [

    ]
}
